epic_id,task,phase,start_sprint,sprints,description
6837,System/ETL (DW) Mapping & Analysis,Analysis & Design,1,9,"Inventory and analyze ICM DW Informatica/DAC SDE/SIL mappings, schedules, and dependencies; document data lineage, complexity and migration candidates to Spark/Airflow with acceptance criteria for parity."
9409,System/ETL (Ops) Mapping & Analysis,Analysis & Design,10,7,"Catalog ICM operational Informatica jobs (cheque run, rollover, reconciliation, EDQ, webMethods feeds), upstream/downstream interactions and runbooks; score complexity and plan migration patterns/waves to Spark/Airflow."
9384,ETL Inventory & Migration Strategy,Analysis & Design,2,12,"Define migration approach per ETL (lift-and-shift vs re-engineer), wave sequencing, risk/rollback posture, code standards, and proof-of-parity gates (unit, integration, parallel run)."
8663,Data Integration Change & Release Governance Framework,Analysis & Design,18,13,"Define a structured change and release governance framework for the Spark and Airflow data integration platform, ensuring that updates to ETL pipelines, data models, and upstream/downstream integrations are safely introduced, validated, and auditable. This framework focuses on process, control, and operational governance, independently of how metadata and data models are defined. It establishes how changes are proposed, reviewed, tested, approved, and deployed across environments while maintaining system stability and SLA commitments. Establish release/change governance, documentation and metadata standards in Lakehouse framework, approval paths, audit/lineage, and validation controls to integrate Spark/Airflow with existing ICM CAB/RCB processes."
9406,Project Knowledge Base and Wiki,Analysis & Design,2,25,"Establish a centralized, structured knowledge base and documentation platform for the CriDIR program to support architecture transparency, onboarding, operational readiness, and long-term maintainability. This epic will define, implement, and operationalize a single source of truth for all CriDIR documentation, including architecture, design decisions, ETL patterns, operational procedures, and governance processes."
8367,Incremental (CDC) Data Loads: Analysis & Design,Analysis & Design,18,13,"Design CDC architecture (watermarking/snapshots, merge semantics, late-arriving handling) for Siebel->DW and Ops flows; define patterns, parameters, and parallel-run compatibility with DAC schedules."
9385,Security/Privacy Assessments,Analysis & Design,18,10,"Complete PIA/STRA; specify Protected-C controls including deterministic masking, least-privilege access, encryption, operational audit trail, and anonymized test-data process and evidence."
9386,ICM DW Informatica PoC,Development,2,6,Demonstrate Spark/Airflow can reproduce representative DW ETLs (SDE/SIL) with equivalent outputs and batch-window performance on target infrastructure.
9457,ETL Conversion Pipeline,Development,2,24,"Build the conversion toolchain and libraries to translate Informatica mappings/workflows into Spark jobs and Airflow DAGs; implement reusable transforms, naming/packaging, unit tests, and code quality gates."
9389,Airflow/Spark Environment and Hosting Platform Setup,Development,4,20,"Deploy containerized Spark and Airflow (Emerald/OpenShift); configure connections to Siebel/DW, secrets, observability, autoscaling limits, and environment promotion for DEV->SIT->UAT->PROD."
9458,Development Tooling & CI/CD,Development,13,25,"Implement CI/CD for Spark/Airflow (build, test, package, scan, deploy), environment variables/secrets management, data-quality test execution, and promotion workflows with change evidence."
9388,Data Quality Framework,Development,20,12,"Provide reusable checks for schema/constraints, row-count reconciliation, key/null rules, business metrics, and automated Spark<->Informatica comparison; publish failure triage and reports."
9390,Airflow DAG Orchestration,Development,5,20,"Create standard DAG patterns (task groups, retries, sensors, SLAs, backfills), idempotent task contracts, error handling, and unit tests; map DAC execution plans to DAG/task dependencies."
9391,Data Model & ETL Metadata Framework,Development,8,15,"Define and implement a metadata-driven framework for managing ETL data models, table definitions, lineage, and promotion workflows independent of execution pipelines and infrastructure. This framework establishes the canonical representation of data structures and transformation contracts using lakehouse technologies such as Apache Iceberg and Nessie, enabling consistent governance, schema evolution, and environment promotion."
9392,Incremental (CDC) Data Loads: Implementation,Development,21,12,"Implement CDC pipelines in Spark with partitioning/merge logic, initial full loads, backfill strategy, and Airflow orchestration; deliver metrics and operational dashboards."
9393,Data Anonymization POC,Development,7,6,Develop and pilot the PL/SQL anonymizer with deterministic masking preserving referential integrity; seed libraries/patterns and operationalize execution in approved environments.
7982,Test Data Management Framework,Development,15,12,"Produce repeatable anonymized Siebel/EIM and DW datasets (full and partial) for unit, integration, and parallel testing; maintain versioned snapshots and access controls."
10369,ICM Informatica Migration,Development,14,14,"Migrate all in-scope ICM batch processing workloads from Informatica to a modern, cloud-native execution framework (e.g., Spark/Airflow), while preserving existing operational behavior, business outcomes, and integration contracts. Eencompasses both: (1) Platform enablement (engineering patterns and reusable components); (2) Execution of individual job migrations (ETL workflows, batch processes, and integrations). The goal is to eliminate Informatica dependency, reduce vendor lock-in, and establish a scalable, observable, and supportable data processing platform."
9945,Workflow Integration Testing & Validation,Testing & Validation,17,12,"Verify end-to-end flows across Siebel EIM extracts, Spark transforms, Airflow orchestration, and DW loads; execute automated comparisons and defect triage."
9396,UAT Downstream Testing & Validation,Testing & Validation,22,8,"Conduct UAT with downstream consumers (reports, extracts, interfaces); validate business correctness, performance, and operational procedures for go-live readiness."
9404,Incremental Deploy ETL  DAGs,Deployment,24,12,Progressively deploy DW Spark/Airflow pipelines by subject area; run in parallel with DAC/Informatica nightly loads and switch-over upon meeting parity gates.
9398,Parallel Testing ETL (DW),Testing & Validation,27,12,Execute parallel DW testing across golden months and peak windows; reconcile variances and update patterns until Spark and legacy outputs match within tolerance.
9397,Parallel Testing ETL (Ops),Testing & Validation,27,9,"Run key operational jobs in parallel for multiple cycles (cheque run, reconciliation, EDQ); compare operational outcomes and obtain functional sign-off."
9402,Operational Readiness,Deployment,30,6,"Prepare runbooks, dashboards/alerts, incident processes, on-call model, capacity/performance monitoring, and handover for steady-state operations."
9399,Validation Close-out ICM Informatica (Ops),Testing & Validation,31,6,"Consolidate Ops parallel-run results, resolve residual gaps, complete acceptance records, and secure approval to retire operational Informatica components."
9403,Stabilization & Performance Tuning,Deployment,32,9,"Tune Spark performance (partitioning, joins, caching) and Airflow concurrency/pools; stabilize behavior under production load and finalize SLOs."
9400,Validation Close-out ICM DW Informatica & DAC (DW),Testing & Validation,40,3,"Finalize DW validation outcomes, address any remaining discrepancies, and obtain sign-off for decommission of DW Informatica and DAC scheduler."
9405,Decommission ICM Informatica/DAC (Ops/DW),Deployment,42,3,"Retire Informatica and DAC components services and integrations after sign-off; archive artifacts, revoke access, and update inventories/runbooks."